{"cameraMode":{"drawMode":0,"name":"Shaded","section":"Shading Mode"},"sceneLighting":true,"audioPlay":false,"sceneViewState":{"m_AlwaysRefresh":false,"showFog":true,"showSkybox":true,"showFlares":true,"showImageEffects":true,"showParticleSystems":true,"showVisualEffectGraphs":true,"m_FxEnabled":true},"in2DMode":false,"pivot":{"x":-0.4042070508003235,"y":15.160694122314454,"z":-16.0296630859375},"rotation":{"x":-0.34521856904029848,"y":-0.011817864142358303,"z":0.0043470668606460098,"w":-0.9384407997131348},"size":5.1328654289245609,"orthographic":false}